mode,scheme,h,compute_dtype,input_quantization,execution_kind,weight_dtype,weight_sha256,target_jv_rms,derivative_rms,derivative_reason,error,error_reason,absolute_error_rms,absolute_error_reason
fp64_reference,one_sided,1e-07,float64,none,fp64_reference,float32,ca1d40b2eb41642f2e1a5431279c63c11a393aedb89400c2599a7eac9da5dda9,0.11119380209433122,0.11119380305698172,,4.177887681129599e-08,,4.64555215987869e-09,
fp64_reference,one_sided,1.7782794100389227e-07,float64,none,fp64_reference,float32,ca1d40b2eb41642f2e1a5431279c63c11a393aedb89400c2599a7eac9da5dda9,0.11119380209433122,0.11119380193857507,,2.792005007651528e-08,,3.104536522671857e-09,
fp64_reference,one_sided,3.162277660168379e-07,float64,none,fp64_reference,float32,ca1d40b2eb41642f2e1a5431279c63c11a393aedb89400c2599a7eac9da5dda9,0.11119380209433122,0.11119380197690298,,1.8569772835536596e-08,,2.064843645611344e-09,
fp64_reference,one_sided,5.62341325190349e-07,float64,none,fp64_reference,float32,ca1d40b2eb41642f2e1a5431279c63c11a393aedb89400c2599a7eac9da5dda9,0.11119380209433122,0.11119380191856292,,2.0533847449159e-08,,2.283236569496974e-09,
fp64_reference,one_sided,1e-06,float64,none,fp64_reference,float32,ca1d40b2eb41642f2e1a5431279c63c11a393aedb89400c2599a7eac9da5dda9,0.11119380209433122,0.11119380183947798,,3.3258679155990667e-08,,3.698158987990085e-09,
fp64_reference,one_sided,1.778279410038923e-06,float64,none,fp64_reference,float32,ca1d40b2eb41642f2e1a5431279c63c11a393aedb89400c2599a7eac9da5dda9,0.11119380209433122,0.11119380170731455,,5.9187808444703096e-08,,6.581317458597502e-09,
fp64_reference,one_sided,3.162277660168379e-06,float64,none,fp64_reference,float32,ca1d40b2eb41642f2e1a5431279c63c11a393aedb89400c2599a7eac9da5dda9,0.11119380209433122,0.1111938013969971,,1.051332950993901e-07,,1.1690170808806505e-08,
fp64_reference,one_sided,5.623413251903491e-06,float64,none,fp64_reference,float32,ca1d40b2eb41642f2e1a5431279c63c11a393aedb89400c2599a7eac9da5dda9,0.11119380209433122,0.11119380083033484,,1.8715828589992636e-07,,2.081084140267067e-08,
fp64_reference,one_sided,1e-05,float64,none,fp64_reference,float32,ca1d40b2eb41642f2e1a5431279c63c11a393aedb89400c2599a7eac9da5dda9,0.11119380209433122,0.11119379985473049,,3.3264669905407405e-07,,3.698825122195126e-08,
fp64_reference,one_sided,1.778279410038923e-05,float64,none,fp64_reference,float32,ca1d40b2eb41642f2e1a5431279c63c11a393aedb89400c2599a7eac9da5dda9,0.11119380209433122,0.11119379811290826,,5.91607607344496e-07,,6.57830992085647e-08,
fp64_reference,one_sided,3.1622776601683795e-05,float64,none,fp64_reference,float32,ca1d40b2eb41642f2e1a5431279c63c11a393aedb89400c2599a7eac9da5dda9,0.11119380209433122,0.11119379501167964,,1.0520104574198556e-06,,1.1697704260351028e-07,
fp64_reference,one_sided,5.623413251903491e-05,float64,none,fp64_reference,float32,ca1d40b2eb41642f2e1a5431279c63c11a393aedb89400c2599a7eac9da5dda9,0.11119380209433122,0.11119378950089803,,1.8707855623911434e-06,,2.0801975958545293e-07,
fp64_reference,one_sided,0.0001,float64,none,fp64_reference,float32,ca1d40b2eb41642f2e1a5431279c63c11a393aedb89400c2599a7eac9da5dda9,0.11119380209433122,0.11119377970166426,,3.3267694656193274e-06,,3.699161455735395e-07,
fp64_reference,one_sided,0.00017782794100389227,float64,none,fp64_reference,float32,ca1d40b2eb41642f2e1a5431279c63c11a393aedb89400c2599a7eac9da5dda9,0.11119380209433122,0.11119376227720713,,5.91594061523392e-06,,6.578159299721366e-07,
fp64_reference,one_sided,0.00031622776601683794,float64,none,fp64_reference,float32,ca1d40b2eb41642f2e1a5431279c63c11a393aedb89400c2599a7eac9da5dda9,0.11119380209433122,0.11119373130021304,,1.052021204244192e-05,,1.169782375837687e-06,
fp64_reference,one_sided,0.0005623413251903491,float64,none,fp64_reference,float32,ca1d40b2eb41642f2e1a5431279c63c11a393aedb89400c2599a7eac9da5dda9,0.11119380209433122,0.11119367624126952,,1.8707921487271727e-05,,2.080204919451979e-06,
fp64_reference,one_sided,0.001,float64,none,fp64_reference,float32,ca1d40b2eb41642f2e1a5431279c63c11a393aedb89400c2599a7eac9da5dda9,0.11119380209433122,0.11119357841453911,,3.326805174453312e-05,,3.699201161745586e-06,
fp64_reference,one_sided,0.0017782794100389228,float64,none,fp64_reference,float32,ca1d40b2eb41642f2e1a5431279c63c11a393aedb89400c2599a7eac9da5dda9,0.11119380209433122,0.11119340471504474,,5.916033644126357e-05,,6.578262742083913e-06,
fp64_reference,one_sided,0.0031622776601683794,float64,none,fp64_reference,float32,ca1d40b2eb41642f2e1a5431279c63c11a393aedb89400c2599a7eac9da5dda9,0.11119380209433122,0.11119309666343932,,0.00010520501566560195,,1.1698145691251959e-05,
fp64_reference,one_sided,0.005623413251903491,float64,none,fp64_reference,float32,ca1d40b2eb41642f2e1a5431279c63c11a393aedb89400c2599a7eac9da5dda9,0.11119380209433122,0.11119255150052999,,0.00018708836999900514,,2.080306718782039e-05,
fp64_reference,one_sided,0.01,float64,none,fp64_reference,float32,ca1d40b2eb41642f2e1a5431279c63c11a393aedb89400c2599a7eac9da5dda9,0.11119380209433122,0.11119159039437894,,0.00033270952308668143,,3.6995236864999776e-05,
fp64_reference,one_sided,0.01778279410038923,float64,none,fp64_reference,float32,ca1d40b2eb41642f2e1a5431279c63c11a393aedb89400c2599a7eac9da5dda9,0.11119380209433122,0.11118990767315069,,0.0005916953558994665,,6.579285630402016e-05,
fp64_reference,one_sided,0.03162277660168379,float64,none,fp64_reference,float32,ca1d40b2eb41642f2e1a5431279c63c11a393aedb89400c2599a7eac9da5dda9,0.11119380209433122,0.11118699880363225,,0.0010523425939099244,,0.0001170139741226553,
fp64_reference,one_sided,0.05623413251903491,float64,none,fp64_reference,float32,ca1d40b2eb41642f2e1a5431279c63c11a393aedb89400c2599a7eac9da5dda9,0.11119380209433122,0.11118209008155724,,0.0018718170993311967,,0.0002081344600998182,
fp64_reference,one_sided,0.1,float64,none,fp64_reference,float32,ca1d40b2eb41642f2e1a5431279c63c11a393aedb89400c2599a7eac9da5dda9,0.11119380209433122,0.1111741964694953,,0.0033300954175304203,,0.0003702859708121168,
fp64_reference,centered,1e-07,float64,none,fp64_reference,float32,ca1d40b2eb41642f2e1a5431279c63c11a393aedb89400c2599a7eac9da5dda9,0.11119380209433122,0.11119380232734424,,2.099949849900811e-08,,2.3350140801789135e-09,
fp64_reference,centered,1.7782794100389227e-07,float64,none,fp64_reference,float32,ca1d40b2eb41642f2e1a5431279c63c11a393aedb89400c2599a7eac9da5dda9,0.11119380209433122,0.1111938020217118,,1.3463731472112096e-08,,1.497083492761251e-09,
fp64_reference,centered,3.162277660168379e-07,float64,none,fp64_reference,float32,ca1d40b2eb41642f2e1a5431279c63c11a393aedb89400c2599a7eac9da5dda9,0.11119380209433122,0.11119380212531299,,7.652043130409246e-09,,8.508597694600125e-10,
fp64_reference,centered,5.62341325190349e-07,float64,none,fp64_reference,float32,ca1d40b2eb41642f2e1a5431279c63c11a393aedb89400c2599a7eac9da5dda9,0.11119380209433122,0.11119380202496144,,4.2049722819378054e-09,,4.675668557299407e-10,
fp64_reference,centered,1e-06,float64,none,fp64_reference,float32,ca1d40b2eb41642f2e1a5431279c63c11a393aedb89400c2599a7eac9da5dda9,0.11119380209433122,0.11119380207182039,,2.2968642553862994e-09,,2.553970694509676e-10,
fp64_reference,centered,1.778279410038923e-06,float64,none,fp64_reference,float32,ca1d40b2eb41642f2e1a5431279c63c11a393aedb89400c2599a7eac9da5dda9,0.11119380209433122,0.11119380209108277,,1.365191186977076e-09,,1.518007986656541e-10,
fp64_reference,centered,3.162277660168379e-06,float64,none,fp64_reference,float32,ca1d40b2eb41642f2e1a5431279c63c11a393aedb89400c2599a7eac9da5dda9,0.11119380209433122,0.11119380210301938,,9.212908696295598e-10,,1.0244183462890357e-10,
fp64_reference,centered,5.623413251903491e-06,float64,none,fp64_reference,float32,ca1d40b2eb41642f2e1a5431279c63c11a393aedb89400c2599a7eac9da5dda9,0.11119380209433122,0.1111938020950242,,4.5737926077052137e-10,,5.085773900416886e-11,
fp64_reference,centered,1e-05,float64,none,fp64_reference,float32,ca1d40b2eb41642f2e1a5431279c63c11a393aedb89400c2599a7eac9da5dda9,0.11119380209433122,0.11119380209386354,,2.2409773382241224e-10,,2.4918279064437423e-11,
fp64_reference,centered,1.778279410038923e-05,float64,none,fp64_reference,float32,ca1d40b2eb41642f2e1a5431279c63c11a393aedb89400c2599a7eac9da5dda9,0.11119380209433122,0.1111938020944528,,1.2534194600654137e-10,,1.393724753836971e-11,
fp64_reference,centered,3.1622776601683795e-05,float64,none,fp64_reference,float32,ca1d40b2eb41642f2e1a5431279c63c11a393aedb89400c2599a7eac9da5dda9,0.11119380209433122,0.11119380209484572,,7.450008876235194e-11,,8.28394812585107e-12,
fp64_reference,centered,5.623413251903491e-05,float64,none,fp64_reference,float32,ca1d40b2eb41642f2e1a5431279c63c11a393aedb89400c2599a7eac9da5dda9,0.11119380209433122,0.11119380209513849,,3.996405894011695e-11,,4.443755660673553e-12,
fp64_reference,centered,0.0001,float64,none,fp64_reference,float32,ca1d40b2eb41642f2e1a5431279c63c11a393aedb89400c2599a7eac9da5dda9,0.11119380209433122,0.11119380209642622,,3.673248356746442e-11,,4.084424508233912e-12,
fp64_reference,centered,0.00017782794100389227,float64,none,fp64_reference,float32,ca1d40b2eb41642f2e1a5431279c63c11a393aedb89400c2599a7eac9da5dda9,0.11119380209433122,0.11119380210130098,,8.828451338911688e-11,,9.816690709783798e-12,
fp64_reference,centered,0.00031622776601683794,float64,none,fp64_reference,float32,ca1d40b2eb41642f2e1a5431279c63c11a393aedb89400c2599a7eac9da5dda9,0.11119380209433122,0.11119380211605367,,2.747886857647385e-10,,3.05547987426857e-11,
fp64_reference,centered,0.0005623413251903491,float64,none,fp64_reference,float32,ca1d40b2eb41642f2e1a5431279c63c11a393aedb89400c2599a7eac9da5dda9,0.11119380209433122,0.11119380216307813,,8.696863851141542e-10,,9.670373579051758e-11,
fp64_reference,centered,0.001,float64,none,fp64_reference,float32,ca1d40b2eb41642f2e1a5431279c63c11a393aedb89400c2599a7eac9da5dda9,0.11119380209433122,0.11119380231190103,,2.7506057915616574e-09,,3.058503160264282e-10,
fp64_reference,centered,0.0017782794100389228,float64,none,fp64_reference,float32,ca1d40b2eb41642f2e1a5431279c63c11a393aedb89400c2599a7eac9da5dda9,0.11119380209433122,0.11119380278225034,,8.697867601251707e-09,,9.671489686962776e-10,
fp64_reference,centered,0.0031622776601683794,float64,none,fp64_reference,float32,ca1d40b2eb41642f2e1a5431279c63c11a393aedb89400c2599a7eac9da5dda9,0.11119380209433122,0.11119380426975868,,2.7505275120237725e-08,,3.058416118269846e-09,
fp64_reference,centered,0.005623413251903491,float64,none,fp64_reference,float32,ca1d40b2eb41642f2e1a5431279c63c11a393aedb89400c2599a7eac9da5dda9,0.11119380209433122,0.11119380897362094,,8.697924123533919e-08,,9.671552536237398e-09,
fp64_reference,centered,0.01,float64,none,fp64_reference,float32,ca1d40b2eb41642f2e1a5431279c63c11a393aedb89400c2599a7eac9da5dda9,0.11119380209433122,0.11119382384858836,,2.750526537886429e-07,,3.058415035089496e-08,
fp64_reference,centered,0.01778279410038923,float64,none,fp64_reference,float32,ca1d40b2eb41642f2e1a5431279c63c11a393aedb89400c2599a7eac9da5dda9,0.11119380209433122,0.11119387088733752,,8.697928647971994e-07,,9.671557567132119e-08,
fp64_reference,centered,0.03162277660168379,float64,none,fp64_reference,float32,ca1d40b2eb41642f2e1a5431279c63c11a393aedb89400c2599a7eac9da5dda9,0.11119380209433122,0.11119401963705748,,2.750526515226117e-06,,3.0584150098926336e-07,
fp64_reference,centered,0.05623413251903491,float64,none,fp64_reference,float32,ca1d40b2eb41642f2e1a5431279c63c11a393aedb89400c2599a7eac9da5dda9,0.11119380209433122,0.11119449002625682,,8.697928561123973e-06,,9.6715574705625e-07,
fp64_reference,centered,0.1,float64,none,fp64_reference,float32,ca1d40b2eb41642f2e1a5431279c63c11a393aedb89400c2599a7eac9da5dda9,0.11119380209433122,0.11119597754030033,,2.750526517474188e-05,,3.058415012392349e-06,
input_quantized_bf16,one_sided,1e-07,float64,bfloat16,input_quantization_rounding_simulation,float32,ca1d40b2eb41642f2e1a5431279c63c11a393aedb89400c2599a7eac9da5dda9,0.11119380209433122,0.0,,1.0,,0.11119380209433122,
input_quantized_bf16,one_sided,1.7782794100389227e-07,float64,bfloat16,input_quantization_rounding_simulation,float32,ca1d40b2eb41642f2e1a5431279c63c11a393aedb89400c2599a7eac9da5dda9,0.11119380209433122,0.0,,1.0,,0.11119380209433122,
input_quantized_bf16,one_sided,3.162277660168379e-07,float64,bfloat16,input_quantization_rounding_simulation,float32,ca1d40b2eb41642f2e1a5431279c63c11a393aedb89400c2599a7eac9da5dda9,0.11119380209433122,0.0,,1.0,,0.11119380209433122,
input_quantized_bf16,one_sided,5.62341325190349e-07,float64,bfloat16,input_quantization_rounding_simulation,float32,ca1d40b2eb41642f2e1a5431279c63c11a393aedb89400c2599a7eac9da5dda9,0.11119380209433122,0.0,,1.0,,0.11119380209433122,
input_quantized_bf16,one_sided,1e-06,float64,bfloat16,input_quantization_rounding_simulation,float32,ca1d40b2eb41642f2e1a5431279c63c11a393aedb89400c2599a7eac9da5dda9,0.11119380209433122,0.0,,1.0,,0.11119380209433122,
input_quantized_bf16,one_sided,1.778279410038923e-06,float64,bfloat16,input_quantization_rounding_simulation,float32,ca1d40b2eb41642f2e1a5431279c63c11a393aedb89400c2599a7eac9da5dda9,0.11119380209433122,0.0,,1.0,,0.11119380209433122,
input_quantized_bf16,one_sided,3.162277660168379e-06,float64,bfloat16,input_quantization_rounding_simulation,float32,ca1d40b2eb41642f2e1a5431279c63c11a393aedb89400c2599a7eac9da5dda9,0.11119380209433122,0.0,,1.0,,0.11119380209433122,
input_quantized_bf16,one_sided,5.623413251903491e-06,float64,bfloat16,input_quantization_rounding_simulation,float32,ca1d40b2eb41642f2e1a5431279c63c11a393aedb89400c2599a7eac9da5dda9,0.11119380209433122,0.0,,1.0,,0.11119380209433122,
input_quantized_bf16,one_sided,1e-05,float64,bfloat16,input_quantization_rounding_simulation,float32,ca1d40b2eb41642f2e1a5431279c63c11a393aedb89400c2599a7eac9da5dda9,0.11119380209433122,0.09142189237692891,,1.1429103155087763,,0.12708454343425252,
input_quantized_bf16,one_sided,1.778279410038923e-05,float64,bfloat16,input_quantization_rounding_simulation,float32,ca1d40b2eb41642f2e1a5431279c63c11a393aedb89400c2599a7eac9da5dda9,0.11119380209433122,0.051410308110651684,,1.0029176119132903,,0.11151822245600569,
input_quantized_bf16,one_sided,3.1622776601683795e-05,float64,bfloat16,input_quantization_rounding_simulation,float32,ca1d40b2eb41642f2e1a5431279c63c11a393aedb89400c2599a7eac9da5dda9,0.11119380209433122,28.726041370805543,,258.1238284694862,,28.70176989866715,
input_quantized_bf16,one_sided,5.623413251903491e-05,float64,bfloat16,input_quantization_rounding_simulation,float32,ca1d40b2eb41642f2e1a5431279c63c11a393aedb89400c2599a7eac9da5dda9,0.11119380209433122,16.154774596905884,,145.06778949333662,,16.130639075184174,
input_quantized_bf16,one_sided,0.0001,float64,bfloat16,input_quantization_rounding_simulation,float32,ca1d40b2eb41642f2e1a5431279c63c11a393aedb89400c2599a7eac9da5dda9,0.11119380209433122,9.085031988763628,,81.4897685684794,,9.061157198916352,
input_quantized_bf16,one_sided,0.00017782794100389227,float64,bfloat16,input_quantization_rounding_simulation,float32,ca1d40b2eb41642f2e1a5431279c63c11a393aedb89400c2599a7eac9da5dda9,0.11119380209433122,5.109505684296259,,45.74077525120554,,5.086090710923832,
input_quantized_bf16,one_sided,0.00031622776601683794,float64,bfloat16,input_quantization_rounding_simulation,float32,ca1d40b2eb41642f2e1a5431279c63c11a393aedb89400c2599a7eac9da5dda9,0.11119380209433122,2.8892299723282147,,25.772072464782863,,2.8656947252098286,
input_quantized_bf16,one_sided,0.0005623413251903491,float64,bfloat16,input_quantization_rounding_simulation,float32,ca1d40b2eb41642f2e1a5431279c63c11a393aedb89400c2599a7eac9da5dda9,0.11119380209433122,1.794508688349789,,15.863751727862265,,1.7639508701015216,
input_quantized_bf16,one_sided,0.001,float64,bfloat16,input_quantization_rounding_simulation,float32,ca1d40b2eb41642f2e1a5431279c63c11a393aedb89400c2599a7eac9da5dda9,0.11119380209433122,1.1058025967973981,,9.64293011701092,,1.0722340630403784,
input_quantized_bf16,one_sided,0.0017782794100389228,float64,bfloat16,input_quantization_rounding_simulation,float32,ca1d40b2eb41642f2e1a5431279c63c11a393aedb89400c2599a7eac9da5dda9,0.11119380209433122,0.6332610088113605,,5.405798192391043,,0.6010912543666231,
input_quantized_bf16,one_sided,0.0031622776601683794,float64,bfloat16,input_quantization_rounding_simulation,float32,ca1d40b2eb41642f2e1a5431279c63c11a393aedb89400c2599a7eac9da5dda9,0.11119380209433122,0.3779473258031842,,3.1677648342072304,,0.35223581605622073,
input_quantized_bf16,one_sided,0.005623413251903491,float64,bfloat16,input_quantization_rounding_simulation,float32,ca1d40b2eb41642f2e1a5431279c63c11a393aedb89400c2599a7eac9da5dda9,0.11119380209433122,0.4403084691030167,,3.65999192505856,,0.40696841778181186,
input_quantized_bf16,one_sided,0.01,float64,bfloat16,input_quantization_rounding_simulation,float32,ca1d40b2eb41642f2e1a5431279c63c11a393aedb89400c2599a7eac9da5dda9,0.11119380209433122,0.33190006228716784,,2.555022621939649,,0.2841026797704966,
input_quantized_bf16,one_sided,0.01778279410038923,float64,bfloat16,input_quantization_rounding_simulation,float32,ca1d40b2eb41642f2e1a5431279c63c11a393aedb89400c2599a7eac9da5dda9,0.11119380209433122,0.2072538874336378,,1.3774233978099313,,0.15316094469617875,
input_quantized_bf16,one_sided,0.03162277660168379,float64,bfloat16,input_quantization_rounding_simulation,float32,ca1d40b2eb41642f2e1a5431279c63c11a393aedb89400c2599a7eac9da5dda9,0.11119380209433122,0.1481015736626918,,0.8392478789267637,,0.0933191625574698,
input_quantized_bf16,one_sided,0.05623413251903491,float64,bfloat16,input_quantization_rounding_simulation,float32,ca1d40b2eb41642f2e1a5431279c63c11a393aedb89400c2599a7eac9da5dda9,0.11119380209433122,0.12131977612576557,,0.4615884662692553,,0.051325776567369454,
input_quantized_bf16,one_sided,0.1,float64,bfloat16,input_quantization_rounding_simulation,float32,ca1d40b2eb41642f2e1a5431279c63c11a393aedb89400c2599a7eac9da5dda9,0.11119380209433122,0.11686126274729051,,0.24250553358567792,,0.026965112308306064,
input_quantized_bf16,centered,1e-07,float64,bfloat16,input_quantization_rounding_simulation,float32,ca1d40b2eb41642f2e1a5431279c63c11a393aedb89400c2599a7eac9da5dda9,0.11119380209433122,0.0,,1.0,,0.11119380209433122,
input_quantized_bf16,centered,1.7782794100389227e-07,float64,bfloat16,input_quantization_rounding_simulation,float32,ca1d40b2eb41642f2e1a5431279c63c11a393aedb89400c2599a7eac9da5dda9,0.11119380209433122,0.0,,1.0,,0.11119380209433122,
input_quantized_bf16,centered,3.162277660168379e-07,float64,bfloat16,input_quantization_rounding_simulation,float32,ca1d40b2eb41642f2e1a5431279c63c11a393aedb89400c2599a7eac9da5dda9,0.11119380209433122,0.0,,1.0,,0.11119380209433122,
input_quantized_bf16,centered,5.62341325190349e-07,float64,bfloat16,input_quantization_rounding_simulation,float32,ca1d40b2eb41642f2e1a5431279c63c11a393aedb89400c2599a7eac9da5dda9,0.11119380209433122,0.0,,1.0,,0.11119380209433122,
input_quantized_bf16,centered,1e-06,float64,bfloat16,input_quantization_rounding_simulation,float32,ca1d40b2eb41642f2e1a5431279c63c11a393aedb89400c2599a7eac9da5dda9,0.11119380209433122,0.0,,1.0,,0.11119380209433122,
input_quantized_bf16,centered,1.778279410038923e-06,float64,bfloat16,input_quantization_rounding_simulation,float32,ca1d40b2eb41642f2e1a5431279c63c11a393aedb89400c2599a7eac9da5dda9,0.11119380209433122,0.0,,1.0,,0.11119380209433122,
input_quantized_bf16,centered,3.162277660168379e-06,float64,bfloat16,input_quantization_rounding_simulation,float32,ca1d40b2eb41642f2e1a5431279c63c11a393aedb89400c2599a7eac9da5dda9,0.11119380209433122,0.0,,1.0,,0.11119380209433122,
input_quantized_bf16,centered,5.623413251903491e-06,float64,bfloat16,input_quantization_rounding_simulation,float32,ca1d40b2eb41642f2e1a5431279c63c11a393aedb89400c2599a7eac9da5dda9,0.11119380209433122,0.0,,1.0,,0.11119380209433122,
input_quantized_bf16,centered,1e-05,float64,bfloat16,input_quantization_rounding_simulation,float32,ca1d40b2eb41642f2e1a5431279c63c11a393aedb89400c2599a7eac9da5dda9,0.11119380209433122,0.045710946188464455,,0.9920306906501521,,0.11030766428765573,
input_quantized_bf16,centered,1.778279410038923e-05,float64,bfloat16,input_quantization_rounding_simulation,float32,ca1d40b2eb41642f2e1a5431279c63c11a393aedb89400c2599a7eac9da5dda9,0.11119380209433122,0.025705154055325842,,0.974412793252226,,0.1083486632910725,
input_quantized_bf16,centered,3.1622776601683795e-05,float64,bfloat16,input_quantization_rounding_simulation,float32,ca1d40b2eb41642f2e1a5431279c63c11a393aedb89400c2599a7eac9da5dda9,0.11119380209433122,14.363851311733296,,128.96187609537,,14.339761328262236,
input_quantized_bf16,centered,5.623413251903491e-05,float64,bfloat16,input_quantization_rounding_simulation,float32,ca1d40b2eb41642f2e1a5431279c63c11a393aedb89400c2599a7eac9da5dda9,0.11119380209433122,8.077862546388964,,72.43271451964154,,8.054068923452212,
input_quantized_bf16,centered,0.0001,float64,bfloat16,input_quantization_rounding_simulation,float32,ca1d40b2eb41642f2e1a5431279c63c11a393aedb89400c2599a7eac9da5dda9,0.11119380209433122,4.543345248880946,,40.65020941511972,,4.5200513407979415,
input_quantized_bf16,centered,0.00017782794100389227,float64,bfloat16,input_quantization_rounding_simulation,float32,ca1d40b2eb41642f2e1a5431279c63c11a393aedb89400c2599a7eac9da5dda9,0.11119380209433122,2.5555686908126023,,22.781851753635966,,2.53320071523619,
input_quantized_bf16,centered,0.00031622776601683794,float64,bfloat16,input_quantization_rounding_simulation,float32,ca1d40b2eb41642f2e1a5431279c63c11a393aedb89400c2599a7eac9da5dda9,0.11119380209433122,1.44771749060089,,12.821565998014774,,1.425678672122661,
input_quantized_bf16,centered,0.0005623413251903491,float64,bfloat16,input_quantization_rounding_simulation,float32,ca1d40b2eb41642f2e1a5431279c63c11a393aedb89400c2599a7eac9da5dda9,0.11119380209433122,1.0177666308236122,,8.79852682364695,,0.9783416503502637,
input_quantized_bf16,centered,0.001,float64,bfloat16,input_quantization_rounding_simulation,float32,ca1d40b2eb41642f2e1a5431279c63c11a393aedb89400c2599a7eac9da5dda9,0.11119380209433122,0.6627796856918874,,5.548799355578015,,0.6169920974052944,
input_quantized_bf16,centered,0.0017782794100389228,float64,bfloat16,input_quantization_rounding_simulation,float32,ca1d40b2eb41642f2e1a5431279c63c11a393aedb89400c2599a7eac9da5dda9,0.11119380209433122,0.3978112508990626,,3.205850099308619,,0.35647066148661466,
input_quantized_bf16,centered,0.0031622776601683794,float64,bfloat16,input_quantization_rounding_simulation,float32,ca1d40b2eb41642f2e1a5431279c63c11a393aedb89400c2599a7eac9da5dda9,0.11119380209433122,0.23495366625926944,,1.8372180455430664,,0.20428725976024972,
input_quantized_bf16,centered,0.005623413251903491,float64,bfloat16,input_quantization_rounding_simulation,float32,ca1d40b2eb41642f2e1a5431279c63c11a393aedb89400c2599a7eac9da5dda9,0.11119380209433122,0.29672490382212136,,2.2586471529089365,,0.25114756452148096,
input_quantized_bf16,centered,0.01,float64,bfloat16,input_quantization_rounding_simulation,float32,ca1d40b2eb41642f2e1a5431279c63c11a393aedb89400c2599a7eac9da5dda9,0.11119380209433122,0.21105438672473906,,1.3896822786529888,,0.15452405626653967,
input_quantized_bf16,centered,0.01778279410038923,float64,bfloat16,input_quantization_rounding_simulation,float32,ca1d40b2eb41642f2e1a5431279c63c11a393aedb89400c2599a7eac9da5dda9,0.11119380209433122,0.1478128425516452,,0.7711309322617235,,0.08574498027072722,
input_quantized_bf16,centered,0.03162277660168379,float64,bfloat16,input_quantization_rounding_simulation,float32,ca1d40b2eb41642f2e1a5431279c63c11a393aedb89400c2599a7eac9da5dda9,0.11119380209433122,0.11654770592124744,,0.43092325409457855,,0.04791599503363777,
input_quantized_bf16,centered,0.05623413251903491,float64,bfloat16,input_quantization_rounding_simulation,float32,ca1d40b2eb41642f2e1a5431279c63c11a393aedb89400c2599a7eac9da5dda9,0.11119380209433122,0.11267178703226716,,0.24593525492950594,,0.02734647606465038,
input_quantized_bf16,centered,0.1,float64,bfloat16,input_quantization_rounding_simulation,float32,ca1d40b2eb41642f2e1a5431279c63c11a393aedb89400c2599a7eac9da5dda9,0.11119380209433122,0.1134640426093955,,0.13280681691676088,,0.014767294917020389,
low_precision_compute_fp32,one_sided,1e-07,float32,none,rounding_simulation,float32,ca1d40b2eb41642f2e1a5431279c63c11a393aedb89400c2599a7eac9da5dda9,0.11119380209433122,1.3812313672160543,,12.424059027639254,,1.3814783607276084,
low_precision_compute_fp32,one_sided,1.7782794100389227e-07,float32,none,rounding_simulation,float32,ca1d40b2eb41642f2e1a5431279c63c11a393aedb89400c2599a7eac9da5dda9,0.11119380209433122,0.7691962476748425,,6.889708706404883,,0.7660929063875753,
low_precision_compute_fp32,one_sided,3.162277660168379e-07,float32,none,rounding_simulation,float32,ca1d40b2eb41642f2e1a5431279c63c11a393aedb89400c2599a7eac9da5dda9,0.11119380209433122,0.5900637801637485,,5.103514002450028,,0.5674791259740767,
low_precision_compute_fp32,one_sided,5.62341325190349e-07,float32,none,rounding_simulation,float32,ca1d40b2eb41642f2e1a5431279c63c11a393aedb89400c2599a7eac9da5dda9,0.11119380209433122,0.3130603259619551,,2.6285380341435434,,0.2922771379659796,
low_precision_compute_fp32,one_sided,1e-06,float32,none,rounding_simulation,float32,ca1d40b2eb41642f2e1a5431279c63c11a393aedb89400c2599a7eac9da5dda9,0.11119380209433122,0.22883888651536693,,1.812820646154358,,0.20157442016100532,
low_precision_compute_fp32,one_sided,1.778279410038923e-06,float32,none,rounding_simulation,float32,ca1d40b2eb41642f2e1a5431279c63c11a393aedb89400c2599a7eac9da5dda9,0.11119380209433122,0.16867302987996946,,1.0868529967796308,,0.12085131702954507,
low_precision_compute_fp32,one_sided,3.162277660168379e-06,float32,none,rounding_simulation,float32,ca1d40b2eb41642f2e1a5431279c63c11a393aedb89400c2599a7eac9da5dda9,0.11119380209433122,0.13545031505181807,,0.7136880773332104,,0.07935769082807274,
low_precision_compute_fp32,one_sided,5.623413251903491e-06,float32,none,rounding_simulation,float32,ca1d40b2eb41642f2e1a5431279c63c11a393aedb89400c2599a7eac9da5dda9,0.11119380209433122,0.11879243476141185,,0.4348630833021859,,0.04835407962283393,
low_precision_compute_fp32,one_sided,1e-05,float32,none,rounding_simulation,float32,ca1d40b2eb41642f2e1a5431279c63c11a393aedb89400c2599a7eac9da5dda9,0.11119380209433122,0.11205267362926218,,0.21571760040073976,,0.02398646016722388,
low_precision_compute_fp32,one_sided,1.778279410038923e-05,float32,none,rounding_simulation,float32,ca1d40b2eb41642f2e1a5431279c63c11a393aedb89400c2599a7eac9da5dda9,0.11119380209433122,0.1138362103565237,,0.12632726837236705,,0.014046809278514448,
low_precision_compute_fp32,one_sided,3.1622776601683795e-05,float32,none,rounding_simulation,float32,ca1d40b2eb41642f2e1a5431279c63c11a393aedb89400c2599a7eac9da5dda9,0.11119380209433122,0.11128192384582418,,0.07500532673663862,,0.008340127457174445,
low_precision_compute_fp32,one_sided,5.623413251903491e-05,float32,none,rounding_simulation,float32,ca1d40b2eb41642f2e1a5431279c63c11a393aedb89400c2599a7eac9da5dda9,0.11119380209433122,0.11149754597753954,,0.04017733753528087,,0.004467470918575166,
low_precision_compute_fp32,one_sided,0.0001,float32,none,rounding_simulation,float32,ca1d40b2eb41642f2e1a5431279c63c11a393aedb89400c2599a7eac9da5dda9,0.11119380209433122,0.11108229759417226,,0.024375816931293832,,0.0027104397637459344,
low_precision_compute_fp32,one_sided,0.00017782794100389227,float32,none,rounding_simulation,float32,ca1d40b2eb41642f2e1a5431279c63c11a393aedb89400c2599a7eac9da5dda9,0.11119380209433122,0.11125295510734208,,0.012014764196960931,,0.0013359673123269301,
low_precision_compute_fp32,one_sided,0.00031622776601683794,float32,none,rounding_simulation,float32,ca1d40b2eb41642f2e1a5431279c63c11a393aedb89400c2599a7eac9da5dda9,0.11119380209433122,0.11114040302070503,,0.007658286491716596,,0.0008515539925416253,
low_precision_compute_fp32,one_sided,0.0005623413251903491,float32,none,rounding_simulation,float32,ca1d40b2eb41642f2e1a5431279c63c11a393aedb89400c2599a7eac9da5dda9,0.11119380209433122,0.1111844187665683,,0.0031279076129927643,,0.0003478039400884694,
low_precision_compute_fp32,one_sided,0.001,float32,none,rounding_simulation,float32,ca1d40b2eb41642f2e1a5431279c63c11a393aedb89400c2599a7eac9da5dda9,0.11119380209433122,0.11118716504755363,,0.0023502278804032697,,0.0002613307738101407,
low_precision_compute_fp32,one_sided,0.0017782794100389228,float32,none,rounding_simulation,float32,ca1d40b2eb41642f2e1a5431279c63c11a393aedb89400c2599a7eac9da5dda9,0.11119380209433122,0.11119672685009356,,0.0010200883077705225,,0.00011342749741297672,
low_precision_compute_fp32,one_sided,0.0031622776601683794,float32,none,rounding_simulation,float32,ca1d40b2eb41642f2e1a5431279c63c11a393aedb89400c2599a7eac9da5dda9,0.11119380209433122,0.11119912167491584,,0.0007759653435441917,,8.628253684211258e-05,
low_precision_compute_fp32,one_sided,0.005623413251903491,float32,none,rounding_simulation,float32,ca1d40b2eb41642f2e1a5431279c63c11a393aedb89400c2599a7eac9da5dda9,0.11119380209433122,0.11119461384026884,,0.0004294356322968678,,4.775058070987191e-05,
low_precision_compute_fp32,one_sided,0.01,float32,none,rounding_simulation,float32,ca1d40b2eb41642f2e1a5431279c63c11a393aedb89400c2599a7eac9da5dda9,0.11119380209433122,0.11119313760246209,,0.0003854379581327838,,4.2858312036259883e-05,
low_precision_compute_fp32,one_sided,0.01778279410038923,float32,none,rounding_simulation,float32,ca1d40b2eb41642f2e1a5431279c63c11a393aedb89400c2599a7eac9da5dda9,0.11119380209433122,0.11119113387420565,,0.0005921782391230361,,6.584654992561643e-05,
low_precision_compute_fp32,one_sided,0.03162277660168379,float32,none,rounding_simulation,float32,ca1d40b2eb41642f2e1a5431279c63c11a393aedb89400c2599a7eac9da5dda9,0.11119380209433122,0.11118805291406457,,0.0010451429136043898,,0.00011621341429561922,
low_precision_compute_fp32,one_sided,0.05623413251903491,float32,none,rounding_simulation,float32,ca1d40b2eb41642f2e1a5431279c63c11a393aedb89400c2599a7eac9da5dda9,0.11119380209433122,0.11118163037275546,,0.0018707640765182254,,0.00020801737048955186,
low_precision_compute_fp32,one_sided,0.1,float32,none,rounding_simulation,float32,ca1d40b2eb41642f2e1a5431279c63c11a393aedb89400c2599a7eac9da5dda9,0.11119380209433122,0.11117434271648863,,0.0033288765239089064,,0.00037015043739599217,
low_precision_compute_fp32,centered,1e-07,float32,none,rounding_simulation,float32,ca1d40b2eb41642f2e1a5431279c63c11a393aedb89400c2599a7eac9da5dda9,0.11119380209433122,0.7532350210005271,,6.712664602928491,,0.7464066993836531,
low_precision_compute_fp32,centered,1.7782794100389227e-07,float32,none,rounding_simulation,float32,ca1d40b2eb41642f2e1a5431279c63c11a393aedb89400c2599a7eac9da5dda9,0.11119380209433122,0.4871856197304696,,4.351132599884733,,0.48381897719777583,
low_precision_compute_fp32,centered,3.162277660168379e-07,float32,none,rounding_simulation,float32,ca1d40b2eb41642f2e1a5431279c63c11a393aedb89400c2599a7eac9da5dda9,0.11119380209433122,0.3230333247032798,,2.687469462778745,,0.29882994757877845,
low_precision_compute_fp32,centered,5.62341325190349e-07,float32,none,rounding_simulation,float32,ca1d40b2eb41642f2e1a5431279c63c11a393aedb89400c2599a7eac9da5dda9,0.11119380209433122,0.22030660745837397,,1.6867307848003226,,0.18755400907150305,
low_precision_compute_fp32,centered,1e-06,float32,none,rounding_simulation,float32,ca1d40b2eb41642f2e1a5431279c63c11a393aedb89400c2599a7eac9da5dda9,0.11119380209433122,0.17416027850167312,,1.1128444389655991,,0.12374140430811788,
low_precision_compute_fp32,centered,1.778279410038923e-06,float32,none,rounding_simulation,float32,ca1d40b2eb41642f2e1a5431279c63c11a393aedb89400c2599a7eac9da5dda9,0.11119380209433122,0.14085425269051347,,0.6722653060376481,,0.07475173539443525,
low_precision_compute_fp32,centered,3.162277660168379e-06,float32,none,rounding_simulation,float32,ca1d40b2eb41642f2e1a5431279c63c11a393aedb89400c2599a7eac9da5dda9,0.11119380209433122,0.11532291220876159,,0.3952515266411589,,0.04394952003081931,
low_precision_compute_fp32,centered,5.623413251903491e-06,float32,none,rounding_simulation,float32,ca1d40b2eb41642f2e1a5431279c63c11a393aedb89400c2599a7eac9da5dda9,0.11119380209433122,0.11002204819378993,,0.1739298940330768,,0.01933992621540194,
low_precision_compute_fp32,centered,1e-05,float32,none,rounding_simulation,float32,ca1d40b2eb41642f2e1a5431279c63c11a393aedb89400c2599a7eac9da5dda9,0.11119380209433122,0.11080617707334596,,0.10693614913303748,,0.011890637003428859,
low_precision_compute_fp32,centered,1.778279410038923e-05,float32,none,rounding_simulation,float32,ca1d40b2eb41642f2e1a5431279c63c11a393aedb89400c2599a7eac9da5dda9,0.11119380209433122,0.1126375084904826,,0.0696537393087522,,0.00774506410382753,
low_precision_compute_fp32,centered,3.1622776601683795e-05,float32,none,rounding_simulation,float32,ca1d40b2eb41642f2e1a5431279c63c11a393aedb89400c2599a7eac9da5dda9,0.11119380209433122,0.11119611021315066,,0.030250150195713976,,0.0033636292141860148,
low_precision_compute_fp32,centered,5.623413251903491e-05,float32,none,rounding_simulation,float32,ca1d40b2eb41642f2e1a5431279c63c11a393aedb89400c2599a7eac9da5dda9,0.11119380209433122,0.11145807084058447,,0.01882682480943805,,0.0020934262319252995,
low_precision_compute_fp32,centered,0.0001,float32,none,rounding_simulation,float32,ca1d40b2eb41642f2e1a5431279c63c11a393aedb89400c2599a7eac9da5dda9,0.11119380209433122,0.11106453767399622,,0.011217173749481776,,0.0012472801979576038,
low_precision_compute_fp32,centered,0.00017782794100389227,float32,none,rounding_simulation,float32,ca1d40b2eb41642f2e1a5431279c63c11a393aedb89400c2599a7eac9da5dda9,0.11119380209433122,0.11114010520603236,,0.00659996927456056,,0.0007338756773441537,
low_precision_compute_fp32,centered,0.00031622776601683794,float32,none,rounding_simulation,float32,ca1d40b2eb41642f2e1a5431279c63c11a393aedb89400c2599a7eac9da5dda9,0.11119380209433122,0.1111732552525591,,0.003614816245299196,,0.0004019451621871723,
low_precision_compute_fp32,centered,0.0005623413251903491,float32,none,rounding_simulation,float32,ca1d40b2eb41642f2e1a5431279c63c11a393aedb89400c2599a7eac9da5dda9,0.11119380209433122,0.11118231270120722,,0.0018669950899729258,,0.0002075982825455376,
low_precision_compute_fp32,centered,0.001,float32,none,rounding_simulation,float32,ca1d40b2eb41642f2e1a5431279c63c11a393aedb89400c2599a7eac9da5dda9,0.11119380209433122,0.11119211682397405,,0.0011926804848889706,,0.00013261867779851519,
low_precision_compute_fp32,centered,0.0017782794100389228,float32,none,rounding_simulation,float32,ca1d40b2eb41642f2e1a5431279c63c11a393aedb89400c2599a7eac9da5dda9,0.11119380209433122,0.11119107308784099,,0.0006124199626272927,,6.80973041229969e-05,
low_precision_compute_fp32,centered,0.0031622776601683794,float32,none,rounding_simulation,float32,ca1d40b2eb41642f2e1a5431279c63c11a393aedb89400c2599a7eac9da5dda9,0.11119380209433122,0.11119567426125562,,0.00039964141459384835,,4.443764836304695e-05,
low_precision_compute_fp32,centered,0.005623413251903491,float32,none,rounding_simulation,float32,ca1d40b2eb41642f2e1a5431279c63c11a393aedb89400c2599a7eac9da5dda9,0.11119380209433122,0.11119494637448223,,0.00018782865433515221,,2.0885382217787464e-05,
low_precision_compute_fp32,centered,0.01,float32,none,rounding_simulation,float32,ca1d40b2eb41642f2e1a5431279c63c11a393aedb89400c2599a7eac9da5dda9,0.11119380209433122,0.11119535975165684,,0.00013333540899196762,,1.4826071079619558e-05,
low_precision_compute_fp32,centered,0.01778279410038923,float32,none,rounding_simulation,float32,ca1d40b2eb41642f2e1a5431279c63c11a393aedb89400c2599a7eac9da5dda9,0.11119380209433122,0.11119405089812158,,5.461148972886136e-05,,6.072459180987612e-06,
low_precision_compute_fp32,centered,0.03162277660168379,float32,none,rounding_simulation,float32,ca1d40b2eb41642f2e1a5431279c63c11a393aedb89400c2599a7eac9da5dda9,0.11119380209433122,0.11119478873579279,,3.6769747745535086e-05,,4.0885680538755095e-06,
low_precision_compute_fp32,centered,0.05623413251903491,float32,none,rounding_simulation,float32,ca1d40b2eb41642f2e1a5431279c63c11a393aedb89400c2599a7eac9da5dda9,0.11119380209433122,0.11119411753383356,,2.234265866758706e-05,,2.4843651661448697e-06,
low_precision_compute_fp32,centered,0.1,float32,none,rounding_simulation,float32,ca1d40b2eb41642f2e1a5431279c63c11a393aedb89400c2599a7eac9da5dda9,0.11119380209433122,0.11119606488490565,,3.0003947185502287e-05,,3.3362529653935075e-06,
