sample_id,schedule_index,seed,horizon_chunks,mode,generated_local_frame,source_frame_index,rmse,mae,psnr,psnr_status
schedule0_G0_h1_seed0,0,0,1,G0,1,1,0.02414741349056616,0.013607033180235817,32.3425876228315,finite
schedule0_G0_h1_seed0,0,0,1,G0,2,2,0.04617423580355601,0.01935744007604967,26.71200567045398,finite
schedule0_G0_h1_seed0,0,0,1,G0,3,3,0.07588743114880821,0.030672078908054345,22.39660296291522,finite
schedule0_G0_h1_seed0,0,0,1,G0,4,4,0.1059726050396203,0.044423195913834,19.49612779240274,finite
schedule0_G0_h1_seed0,0,0,1,G0,5,5,0.11569783015649537,0.050529192813714964,18.733495718095035,finite
schedule0_G0_h1_seed0,0,0,1,G0,6,6,0.12732321721839793,0.05720567807411925,17.901847922141553,finite
schedule0_G0_h1_seed0,0,0,1,G0,7,7,0.1418911903418469,0.06351912178104868,16.960891358601565,finite
schedule0_G0_h1_seed0,0,0,1,G0,8,8,0.12216180637148738,0.05579063389416916,18.261291082331795,finite
schedule0_G0_h1_seed0,0,0,1,G0,9,9,0.11655984443988524,0.05445469678155964,18.669020816893195,finite
schedule0_G0_h1_seed0,0,0,1,G0,10,10,0.12855202654941714,0.06081539143578141,17.818421451244372,finite
schedule0_G0_h1_seed0,0,0,1,G0,11,11,0.1273201663208141,0.06083457753299607,17.9020560544664,finite
schedule0_G0_h1_seed0,0,0,1,G0,12,12,0.1357366237962067,0.0647940145393117,17.34605914604891,finite
schedule0_G0_h1_seed0,0,0,1,G0,13,13,0.15656771849517545,0.07525115725695504,16.105955538360863,finite
schedule0_G0_h1_seed0,0,0,1,G0,14,14,0.157216305621547,0.07732433022835512,16.070048265903612,finite
schedule0_G0_h1_seed0,0,0,1,G0,15,15,0.17248210984032014,0.08622725363361401,15.265118881443572,finite
schedule0_G0_h1_seed0,0,0,1,G0,16,16,0.15051072345487335,0.07812739241948681,16.448651134775425,finite
schedule0_TF_h2_seed1,0,1,2,TF,1,17,0.12949984329209116,0.059180076866018304,17.754615142453236,finite
schedule0_TF_h2_seed1,0,1,2,TF,2,18,0.1667967722981012,0.08124918146413525,15.556247153904057,finite
schedule0_TF_h2_seed1,0,1,2,TF,3,19,0.17870843511172638,0.08946005017773,14.957098962643638,finite
schedule0_TF_h2_seed1,0,1,2,TF,4,20,0.17610332025188027,0.08761307028494751,15.084649115353312,finite
schedule0_TF_h2_seed1,0,1,2,TF,5,21,0.1829380521542165,0.0923542306074765,14.753918988148293,finite
schedule0_TF_h2_seed1,0,1,2,TF,6,22,0.19204077485110013,0.09778064743609367,14.332131007933901,finite
schedule0_TF_h2_seed1,0,1,2,TF,7,23,0.19484890068927121,0.10069504444669282,14.206040801883626,finite
schedule0_TF_h2_seed1,0,1,2,TF,8,24,0.19534837386347279,0.10153266087601764,14.183803992347793,finite
schedule0_TF_h2_seed1,0,1,2,TF,9,25,0.19053997246920704,0.09778150498272709,14.400278037377712,finite
schedule0_TF_h2_seed1,0,1,2,TF,10,26,0.17781908999585838,0.08976716170647829,15.000432332466085,finite
schedule0_TF_h2_seed1,0,1,2,TF,11,27,0.17232393895946954,0.08195627290878586,15.273087737652283,finite
schedule0_TF_h2_seed1,0,1,2,TF,12,28,0.13874248023807162,0.06586993681976594,17.155810921527145,finite
schedule0_TF_h2_seed1,0,1,2,TF,13,29,0.13008676454450765,0.06264758141309083,17.71533775480831,finite
schedule0_TF_h2_seed1,0,1,2,TF,14,30,0.14652899127078442,0.07306505873902817,16.681528802677825,finite
schedule0_TF_h2_seed1,0,1,2,TF,15,31,0.13974369533924647,0.07281964146111382,17.09335553160574,finite
schedule0_TF_h2_seed1,0,1,2,TF,16,32,0.15336012450241504,0.08144071497952392,16.28575095112754,finite
schedule0_AR_h2_seed1,0,1,2,AR,1,17,0.17211064270652812,0.09502126233943879,15.283845472494857,finite
schedule0_AR_h2_seed1,0,1,2,AR,2,18,0.20209597969564955,0.11337625587376483,13.88884651676581,finite
schedule0_AR_h2_seed1,0,1,2,AR,3,19,0.22863812548986595,0.12897229013439926,12.817026982813733,finite
schedule0_AR_h2_seed1,0,1,2,AR,4,20,0.22314913676862697,0.12708219125630413,13.028095776948268,finite
schedule0_AR_h2_seed1,0,1,2,AR,5,21,0.2326500192344368,0.13137644013206065,12.66593814450472,finite
schedule0_AR_h2_seed1,0,1,2,AR,6,22,0.22810388180705057,0.12812045669537278,12.837346479207303,finite
schedule0_AR_h2_seed1,0,1,2,AR,7,23,0.22353087077925674,0.1258916475665591,13.013249801132913,finite
schedule0_AR_h2_seed1,0,1,2,AR,8,24,0.22432353710069802,0.1266678260981564,12.9825031153525,finite
schedule0_AR_h2_seed1,0,1,2,AR,9,25,0.22018959913902797,0.12307180430107441,13.144063983689403,finite
schedule0_AR_h2_seed1,0,1,2,AR,10,26,0.21795694273307398,0.12029631405317076,13.2325858508759,finite
schedule0_AR_h2_seed1,0,1,2,AR,11,27,0.19070819107528397,0.10485457201229782,14.392613064890034,finite
schedule0_AR_h2_seed1,0,1,2,AR,12,28,0.15547038670968522,0.08581049244923615,16.167046423847523,finite
schedule0_AR_h2_seed1,0,1,2,AR,13,29,0.1468776754499625,0.08178698040164771,16.660884188439834,finite
schedule0_AR_h2_seed1,0,1,2,AR,14,30,0.16889629057092054,0.09257347705376635,15.447597772614277,finite
schedule0_AR_h2_seed1,0,1,2,AR,15,31,0.1520842570173422,0.08782409440264871,16.358314791176067,finite
schedule0_AR_h2_seed1,0,1,2,AR,16,32,0.1573978182161131,0.09287244238122838,16.06002583893806,finite
schedule0_TF_h3_seed2,0,2,3,TF,1,33,0.08150625817347212,0.038932342965532975,21.776180883884834,finite
schedule0_TF_h3_seed2,0,2,3,TF,2,34,0.10618156422327821,0.05162583729598206,19.479017621989094,finite
schedule0_TF_h3_seed2,0,2,3,TF,3,35,0.112587301533564,0.056002713326887964,18.970211796246765,finite
schedule0_TF_h3_seed2,0,2,3,TF,4,36,0.13737361688936736,0.0654162238259038,17.241933342555885,finite
schedule0_TF_h3_seed2,0,2,3,TF,5,37,0.15361185007719497,0.07578615435434699,16.271505604758683,finite
schedule0_TF_h3_seed2,0,2,3,TF,6,38,0.1810408321235019,0.09271488144174118,14.844469257755177,finite
schedule0_TF_h3_seed2,0,2,3,TF,7,39,0.18648830271744185,0.09751457611020224,14.586968073308103,finite
schedule0_TF_h3_seed2,0,2,3,TF,8,40,0.19174956225395678,0.10103641473765161,14.345312376618278,finite
schedule0_TF_h3_seed2,0,2,3,TF,9,41,0.19407303657743388,0.10342293093125458,14.240695977349853,finite
schedule0_TF_h3_seed2,0,2,3,TF,10,42,0.20021189070832102,0.10806491936304734,13.970202661443887,finite
schedule0_TF_h3_seed2,0,2,3,TF,11,43,0.20530843879876803,0.11144514971307255,13.75186398887476,finite
schedule0_TF_h3_seed2,0,2,3,TF,12,44,0.21142821651579122,0.11541627318617505,13.49674107289328,finite
schedule0_TF_h3_seed2,0,2,3,TF,13,45,0.21524400344983505,0.11465231804608322,13.34137877703768,finite
schedule0_TF_h3_seed2,0,2,3,TF,14,46,0.21589941222702114,0.1082810992750775,13.314970800087853,finite
schedule0_TF_h3_seed2,0,2,3,TF,15,47,0.20114446840446656,0.09937897023245294,13.92983812583142,finite
schedule0_TF_h3_seed2,0,2,3,TF,16,48,0.16692214017627863,0.0807112912109839,15.549721113188177,finite
schedule0_AR_h3_seed2,0,2,3,AR,1,33,0.15157553080115146,0.08325170841473077,16.387418044758494,finite
schedule0_AR_h3_seed2,0,2,3,AR,2,34,0.15848629213584897,0.08619630103867355,16.000165900117977,finite
schedule0_AR_h3_seed2,0,2,3,AR,3,35,0.15576742654169884,0.08539844700179107,16.150467101718434,finite
schedule0_AR_h3_seed2,0,2,3,AR,4,36,0.16153333181191926,0.09062138141743266,15.834756980172218,finite
schedule0_AR_h3_seed2,0,2,3,AR,5,37,0.1586342977091534,0.0924921014938036,15.992058194657972,finite
schedule0_AR_h3_seed2,0,2,3,AR,6,38,0.18804564676629829,0.10961775543135843,14.514734319785997,finite
schedule0_AR_h3_seed2,0,2,3,AR,7,39,0.20553815436729458,0.11509688999280125,13.742150950882086,finite
schedule0_AR_h3_seed2,0,2,3,AR,8,40,0.23262256513980617,0.13311608895245067,12.666963191947271,finite
schedule0_AR_h3_seed2,0,2,3,AR,9,41,0.25104123830107583,0.13795755753678898,12.005098630496674,finite
schedule0_AR_h3_seed2,0,2,3,AR,10,42,0.2671534378561018,0.1478805059730277,11.46478465478879,finite
schedule0_AR_h3_seed2,0,2,3,AR,11,43,0.2656619618786334,0.1449056289760525,11.513412489425132,finite
schedule0_AR_h3_seed2,0,2,3,AR,12,44,0.23959866181781864,0.12749754776529207,12.410312237070224,finite
schedule0_AR_h3_seed2,0,2,3,AR,13,45,0.21006621703075878,0.11485295038495735,13.552875709312715,finite
schedule0_AR_h3_seed2,0,2,3,AR,14,46,0.22501054250931143,0.1207559288187691,12.955942664763214,finite
schedule0_AR_h3_seed2,0,2,3,AR,15,47,0.2187783932174814,0.11953230003032662,13.199911431943669,finite
schedule0_AR_h3_seed2,0,2,3,AR,16,48,0.20972571081349797,0.1150476440144909,13.56696649990045,finite
schedule0_TF_h4_seed3,0,3,4,TF,1,49,0.09422810130293725,0.039928460629139316,20.51639119662528,finite
schedule0_TF_h4_seed3,0,3,4,TF,2,50,0.10865677857946687,0.04675721244223988,19.27886349863577,finite
schedule0_TF_h4_seed3,0,3,4,TF,3,51,0.1133233105800796,0.05185333856761076,18.91361493335691,finite
schedule0_TF_h4_seed3,0,3,4,TF,4,52,0.1144028406890651,0.056513829270322447,18.831263832491192,finite
schedule0_TF_h4_seed3,0,3,4,TF,5,53,0.1191073278555702,0.06215916556658859,18.48123037079126,finite
schedule0_TF_h4_seed3,0,3,4,TF,6,54,0.1593007606018213,0.07775970019933709,15.955643011989256,finite
schedule0_TF_h4_seed3,0,3,4,TF,7,55,0.16617890647608397,0.07992473257205053,15.58848206379607,finite
schedule0_TF_h4_seed3,0,3,4,TF,8,56,0.19087223759324695,0.09353767495009653,14.385144704716046,finite
schedule0_TF_h4_seed3,0,3,4,TF,9,57,0.21182185726306257,0.10907764130239173,13.480584567387485,finite
schedule0_TF_h4_seed3,0,3,4,TF,10,58,0.24483206409318392,0.13103734427660166,12.222634120493085,finite
schedule0_TF_h4_seed3,0,3,4,TF,11,59,0.28621856559798453,0.16297970294169298,10.866043982087348,finite
schedule0_TF_h4_seed3,0,3,4,TF,12,60,0.29724992385346627,0.1729150198236411,10.537564959250085,finite
schedule0_TF_h4_seed3,0,3,4,TF,13,61,0.2951608808047725,0.17157680193764216,10.598824046492837,finite
schedule0_TF_h4_seed3,0,3,4,TF,14,62,0.2928020978612816,0.1690994797962683,10.66851631960116,finite
schedule0_TF_h4_seed3,0,3,4,TF,15,63,0.2864490349160175,0.16517841670664288,10.85905273212778,finite
schedule0_TF_h4_seed3,0,3,4,TF,16,64,0.2743323381108372,0.1583414007252486,11.234459900749725,finite
schedule0_AR_h4_seed3,0,3,4,AR,1,49,0.19265806676803504,0.10855474274392189,14.304256039326473,finite
schedule0_AR_h4_seed3,0,3,4,AR,2,50,0.1680733209961903,0.09758610497584168,15.490024370553787,finite
schedule0_AR_h4_seed3,0,3,4,AR,3,51,0.15803795885434208,0.0901631924341378,16.02477176204677,finite
schedule0_AR_h4_seed3,0,3,4,AR,4,52,0.15498836619531617,0.08542667423563206,16.194017996181184,finite
schedule0_AR_h4_seed3,0,3,4,AR,5,53,0.15121294791551446,0.08147201003687599,16.408220397925888,finite
schedule0_AR_h4_seed3,0,3,4,AR,6,54,0.1649157870461251,0.08569237074192888,15.654755365115564,finite
schedule0_AR_h4_seed3,0,3,4,AR,7,55,0.17011935145010104,0.0890943286870088,15.384925632513124,finite
schedule0_AR_h4_seed3,0,3,4,AR,8,56,0.16666245138426866,0.09048180038852394,15.563244691317184,finite
schedule0_AR_h4_seed3,0,3,4,AR,9,57,0.1671302901080541,0.09538634620348319,15.53889665926625,finite
schedule0_AR_h4_seed3,0,3,4,AR,10,58,0.16627998553265888,0.10054904809927241,15.583200439040139,finite
schedule0_AR_h4_seed3,0,3,4,AR,11,59,0.19176793483670207,0.11882658414299858,14.344480173511904,finite
schedule0_AR_h4_seed3,0,3,4,AR,12,60,0.2052777787595267,0.126086950200803,13.753161205908626,finite
schedule0_AR_h4_seed3,0,3,4,AR,13,61,0.19842658851221867,0.1232221226551502,14.048002684921318,finite
schedule0_AR_h4_seed3,0,3,4,AR,14,62,0.2009691168860943,0.13036490040475712,13.93741351790325,finite
schedule0_AR_h4_seed3,0,3,4,AR,15,63,0.21026047800921382,0.14047376742543824,13.544847051795166,finite
schedule0_AR_h4_seed3,0,3,4,AR,16,64,0.21186938420971177,0.14354572692983916,13.478635913392536,finite
schedule0_TF_h5_seed4,0,4,5,TF,1,65,0.09534548162955733,0.04250407008566507,20.413997662185615,finite
schedule0_TF_h5_seed4,0,4,5,TF,2,66,0.05758027232507375,0.02652422054440014,24.79452570927088,finite
schedule0_TF_h5_seed4,0,4,5,TF,3,67,0.09248698975498007,0.04886829821590766,20.678387112790606,finite
schedule0_TF_h5_seed4,0,4,5,TF,4,68,0.15046274808535787,0.08275033908915456,16.45142020785255,finite
schedule0_TF_h5_seed4,0,4,5,TF,5,69,0.1866757911622179,0.10358613882762786,14.57823998770996,finite
schedule0_TF_h5_seed4,0,4,5,TF,6,70,0.17063540903313804,0.0928922281080915,15.358616842967754,finite
schedule0_TF_h5_seed4,0,4,5,TF,7,71,0.16320059916800572,0.09025972182976716,15.745565022564605,finite
schedule0_TF_h5_seed4,0,4,5,TF,8,72,0.16463845993886722,0.09140349832538419,15.669374100804369,finite
schedule0_TF_h5_seed4,0,4,5,TF,9,73,0.16450931188606574,0.09286456590220382,15.676190284216167,finite
schedule0_TF_h5_seed4,0,4,5,TF,10,74,0.16258599429504472,0.09074025591292904,15.778337374390986,finite
schedule0_TF_h5_seed4,0,4,5,TF,11,75,0.15936073192177183,0.08860598906992578,15.952373685227721,finite
schedule0_TF_h5_seed4,0,4,5,TF,12,76,0.15935437499984306,0.08911485137663533,15.952720173493379,finite
schedule0_TF_h5_seed4,0,4,5,TF,13,77,0.16463972690369694,0.09191497862880027,15.669307259348566,finite
schedule0_TF_h5_seed4,0,4,5,TF,14,78,0.17326275657541682,0.09877332061941975,15.225895606893442,finite
schedule0_TF_h5_seed4,0,4,5,TF,15,79,0.1709639555696298,0.09425701913417583,15.341908850315672,finite
schedule0_TF_h5_seed4,0,4,5,TF,16,80,0.16701637376385176,0.09312421480458255,15.544818997802158,finite
schedule0_AR_h5_seed4,0,4,5,AR,1,65,0.22028630489628964,0.15125479335559078,13.140250038178463,finite
schedule0_AR_h5_seed4,0,4,5,AR,2,66,0.20867595692372048,0.14477048564785613,13.61055172562619,finite
schedule0_AR_h5_seed4,0,4,5,AR,3,67,0.20721140847696962,0.1418457297592255,13.671726744733188,finite
schedule0_AR_h5_seed4,0,4,5,AR,4,68,0.20111034843305278,0.1324556280271878,13.931311631154216,finite
schedule0_AR_h5_seed4,0,4,5,AR,5,69,0.19941970658109837,0.11984370459382869,14.004638541696652,finite
schedule0_AR_h5_seed4,0,4,5,AR,6,70,0.1824770187574366,0.10895330319121636,14.775836460346143,finite
schedule0_AR_h5_seed4,0,4,5,AR,7,71,0.174486663669736,0.10467754176514177,15.164755226930334,finite
schedule0_AR_h5_seed4,0,4,5,AR,8,72,0.17454196178958906,0.10416363230846315,15.162002940526184,finite
schedule0_AR_h5_seed4,0,4,5,AR,9,73,0.16729714517239955,0.10125804032402168,15.530229399096658,finite
schedule0_AR_h5_seed4,0,4,5,AR,10,74,0.1647189753803467,0.10191874506180436,15.665127357432056,finite
schedule0_AR_h5_seed4,0,4,5,AR,11,75,0.16351866142723387,0.10303062831403764,15.72865353378744,finite
schedule0_AR_h5_seed4,0,4,5,AR,12,76,0.1605184344947019,0.09791415032430469,15.889501690155425,finite
schedule0_AR_h5_seed4,0,4,5,AR,13,77,0.16569138260369723,0.10221025421048324,15.614001561846454,finite
schedule0_AR_h5_seed4,0,4,5,AR,14,78,0.1790434489166964,0.10944107688019263,14.940831298277955,finite
schedule0_AR_h5_seed4,0,4,5,AR,15,79,0.1810310981846687,0.11084201165315714,14.844936280528234,finite
schedule0_AR_h5_seed4,0,4,5,AR,16,80,0.18378669832803007,0.11379249806809118,14.713718482695953,finite
schedule1_G0_h1_seed5,1,5,1,G0,1,1,0.019469507850228277,0.012180627071875469,34.2129005285429,finite
schedule1_G0_h1_seed5,1,5,1,G0,2,2,0.05026136688385828,0.02069944910959028,25.975314094397334,finite
schedule1_G0_h1_seed5,1,5,1,G0,3,3,0.0892327711891805,0.03339075774024044,20.989512389415733,finite
schedule1_G0_h1_seed5,1,5,1,G0,4,4,0.09595861647487515,0.04097135494772649,20.358320445776272,finite
schedule1_G0_h1_seed5,1,5,1,G0,5,5,0.10162352901068787,0.04486844349697824,19.860114554336796,finite
schedule1_G0_h1_seed5,1,5,1,G0,6,6,0.10318566212442362,0.04854590360028747,19.7276128938744,finite
schedule1_G0_h1_seed5,1,5,1,G0,7,7,0.10414551932691508,0.05003355343204655,19.647188201018032,finite
schedule1_G0_h1_seed5,1,5,1,G0,8,8,0.10230024643905225,0.04930307472228179,19.802466401613763,finite
schedule1_G0_h1_seed5,1,5,1,G0,9,9,0.11029169430581755,0.053168771393650616,19.14914383151682,finite
schedule1_G0_h1_seed5,1,5,1,G0,10,10,0.11525020006340021,0.057467330794911696,18.76716624087382,finite
schedule1_G0_h1_seed5,1,5,1,G0,11,11,0.11569548826552521,0.057752827078952386,18.73367153480963,finite
schedule1_G0_h1_seed5,1,5,1,G0,12,12,0.11677552464531428,0.058147303470529245,18.65296345703085,finite
schedule1_G0_h1_seed5,1,5,1,G0,13,13,0.11615464616600879,0.05932344825186675,18.699268276224,finite
schedule1_G0_h1_seed5,1,5,1,G0,14,14,0.11324869030167836,0.058305254048117185,18.919336236288135,finite
schedule1_G0_h1_seed5,1,5,1,G0,15,15,0.1062898003094591,0.055286230693084804,19.470168177426878,finite
schedule1_G0_h1_seed5,1,5,1,G0,16,16,0.15091461519673285,0.06957499331832888,16.425373986206733,finite
schedule1_TF_h2_seed6,1,6,2,TF,1,17,0.11333990285986752,0.049918195067495695,18.912343278295182,finite
schedule1_TF_h2_seed6,1,6,2,TF,2,18,0.1373840674725104,0.06292386703972379,17.24127259589041,finite
schedule1_TF_h2_seed6,1,6,2,TF,3,19,0.1350219881562594,0.06239981866442671,17.391910029012465,finite
schedule1_TF_h2_seed6,1,6,2,TF,4,20,0.13825797109677945,0.06451995595625466,17.186196411524804,finite
schedule1_TF_h2_seed6,1,6,2,TF,5,21,0.147945526763544,0.0709452273912703,16.59796323004375,finite
schedule1_TF_h2_seed6,1,6,2,TF,6,22,0.15551371083701968,0.07393994432487005,16.164626309159374,finite
schedule1_TF_h2_seed6,1,6,2,TF,7,23,0.1541208404767988,0.07376498871269395,16.242772625747484,finite
schedule1_TF_h2_seed6,1,6,2,TF,8,24,0.15838836235290443,0.07652571675112085,16.00553463063629,finite
schedule1_TF_h2_seed6,1,6,2,TF,9,25,0.1581834340338776,0.07638028760842748,16.016780010241977,finite
schedule1_TF_h2_seed6,1,6,2,TF,10,26,0.15827650347989425,0.07705449289162185,16.011671047847344,finite
schedule1_TF_h2_seed6,1,6,2,TF,11,27,0.14487089485328616,0.0674483334312465,16.78037714554708,finite
schedule1_TF_h2_seed6,1,6,2,TF,12,28,0.1605515411100101,0.07474174470929995,15.8877104270058,finite
schedule1_TF_h2_seed6,1,6,2,TF,13,29,0.17018742401386291,0.08470927782935433,15.381450704438034,finite
schedule1_TF_h2_seed6,1,6,2,TF,14,30,0.16494340010629016,0.08589702828763279,15.653301144629584,finite
schedule1_TF_h2_seed6,1,6,2,TF,15,31,0.15747242746306034,0.08261933741055809,16.055909554811603,finite
schedule1_TF_h2_seed6,1,6,2,TF,16,32,0.1293099778070201,0.06961446366637129,17.767359256554084,finite
schedule1_AR_h2_seed6,1,6,2,AR,1,17,0.11983790828958646,0.06107333443742391,18.428115599403906,finite
schedule1_AR_h2_seed6,1,6,2,AR,2,18,0.15153334275829083,0.07804396578325641,16.389835926375724,finite
schedule1_AR_h2_seed6,1,6,2,AR,3,19,0.1648336412805206,0.08474623967637267,15.659082948472756,finite
schedule1_AR_h2_seed6,1,6,2,AR,4,20,0.16609220998046847,0.08576780691536356,15.59301472506403,finite
schedule1_AR_h2_seed6,1,6,2,AR,5,21,0.17430057302735164,0.09022426047264531,15.174023702182497,finite
schedule1_AR_h2_seed6,1,6,2,AR,6,22,0.17218422844557865,0.08901606239351405,15.280132622425835,finite
schedule1_AR_h2_seed6,1,6,2,AR,7,23,0.16817269762109635,0.08743367315150626,15.484890186808094,finite
schedule1_AR_h2_seed6,1,6,2,AR,8,24,0.16948117215262867,0.08831404349625889,15.417570820532333,finite
schedule1_AR_h2_seed6,1,6,2,AR,9,25,0.17141516033469228,0.08827388417817161,15.319015415054762,finite
schedule1_AR_h2_seed6,1,6,2,AR,10,26,0.16183066603609125,0.08448173055279777,15.818783569391677,finite
schedule1_AR_h2_seed6,1,6,2,AR,11,27,0.14437440417343825,0.07285606793879869,16.81019590147085,finite
schedule1_AR_h2_seed6,1,6,2,AR,12,28,0.15638828385941003,0.0791749497705941,16.115915721917414,finite
schedule1_AR_h2_seed6,1,6,2,AR,13,29,0.16205271424091605,0.08387582012451607,15.80687381037926,finite
schedule1_AR_h2_seed6,1,6,2,AR,14,30,0.15034661536892596,0.08141196337452546,16.458126887437444,finite
schedule1_AR_h2_seed6,1,6,2,AR,15,31,0.14724931500788357,0.08105103328729513,16.638934336791852,finite
schedule1_AR_h2_seed6,1,6,2,AR,16,32,0.13407939131491428,0.07523578411453258,17.452759405835337,finite
schedule1_TF_h3_seed7,1,7,3,TF,1,33,0.10167153075658959,0.044909876248633886,19.856012753972713,finite
schedule1_TF_h3_seed7,1,7,3,TF,2,34,0.147237631874359,0.06915426524057959,16.639623524611878,finite
schedule1_TF_h3_seed7,1,7,3,TF,3,35,0.17317497655348799,0.08772408005376302,15.230297249822641,finite
schedule1_TF_h3_seed7,1,7,3,TF,4,36,0.21419270018975722,0.11343912187632317,13.383906685146664,finite
schedule1_TF_h3_seed7,1,7,3,TF,5,37,0.2396711558887355,0.13391819728002474,12.407684591927815,finite
schedule1_TF_h3_seed7,1,7,3,TF,6,38,0.2543927767824929,0.13821656065949148,11.889904483746097,finite
schedule1_TF_h3_seed7,1,7,3,TF,7,39,0.25881040541954625,0.14082187432238177,11.740365338625745,finite
schedule1_TF_h3_seed7,1,7,3,TF,8,40,0.26128704081573806,0.14224527801753814,11.657642593190381,finite
schedule1_TF_h3_seed7,1,7,3,TF,9,41,0.2593982259177632,0.1422615452483882,11.720659969569276,finite
schedule1_TF_h3_seed7,1,7,3,TF,10,42,0.25522624550562195,0.1394886401785532,11.86149336295241,finite
schedule1_TF_h3_seed7,1,7,3,TF,11,43,0.25812323234347145,0.14117026257185708,11.763458101722568,finite
schedule1_TF_h3_seed7,1,7,3,TF,12,44,0.26532082276720137,0.14642378226833822,11.52457329224773,finite
schedule1_TF_h3_seed7,1,7,3,TF,13,45,0.25348129066878916,0.133129911946502,11.921081804258822,finite
schedule1_TF_h3_seed7,1,7,3,TF,14,46,0.22624276078938688,0.11264259560950762,12.908506165064807,finite
schedule1_TF_h3_seed7,1,7,3,TF,15,47,0.21710349069138155,0.10731309787578643,13.266663873996114,finite
schedule1_TF_h3_seed7,1,7,3,TF,16,48,0.17552903939895026,0.08367276927018945,15.113020477702959,finite
schedule1_AR_h3_seed7,1,7,3,AR,1,33,0.13622702384674215,0.0746260218363517,17.314734626239108,finite
schedule1_AR_h3_seed7,1,7,3,AR,2,34,0.14556860020011755,0.07728389344294821,16.738645883766118,finite
schedule1_AR_h3_seed7,1,7,3,AR,3,35,0.14389669060189209,0.07510108362226948,16.838983880804218,finite
schedule1_AR_h3_seed7,1,7,3,AR,4,36,0.12531169853301846,0.0674741905168877,18.040167666920258,finite
schedule1_AR_h3_seed7,1,7,3,AR,5,37,0.16787214909504963,0.08964937759637337,15.5004269941699,finite
schedule1_AR_h3_seed7,1,7,3,AR,6,38,0.2558495933996909,0.14457757857241424,11.840305377582512,finite
schedule1_AR_h3_seed7,1,7,3,AR,7,39,0.28809606688005,0.16767311622755918,10.80925341432584,finite
schedule1_AR_h3_seed7,1,7,3,AR,8,40,0.31312618308618556,0.18310844747326627,10.085612317772377,finite
schedule1_AR_h3_seed7,1,7,3,AR,9,41,0.3272531663774603,0.19386448727662753,9.702322853765311,finite
schedule1_AR_h3_seed7,1,7,3,AR,10,42,0.34345413002673525,0.20692232475684827,9.282625137532175,finite
schedule1_AR_h3_seed7,1,7,3,AR,11,43,0.35022136270811005,0.21116047690078213,9.113147329341263,finite
schedule1_AR_h3_seed7,1,7,3,AR,12,44,0.31389152990286523,0.17941957198839495,10.06440806421369,finite
schedule1_AR_h3_seed7,1,7,3,AR,13,45,0.19845404249902487,0.10290334500743843,14.0468010021922,finite
schedule1_AR_h3_seed7,1,7,3,AR,14,46,0.18609193725510095,0.09831568871203682,14.605448859950378,finite
schedule1_AR_h3_seed7,1,7,3,AR,15,47,0.20297931667125688,0.10653175584647319,13.850964277517559,finite
schedule1_AR_h3_seed7,1,7,3,AR,16,48,0.18885442405373157,0.100011060477262,14.477456740995084,finite
schedule1_TF_h4_seed8,1,8,4,TF,1,49,0.09168845531602736,0.04050100252850323,20.753706876169893,finite
schedule1_TF_h4_seed8,1,8,4,TF,2,50,0.09269366465838136,0.04301170918695618,20.6589989520462,finite
schedule1_TF_h4_seed8,1,8,4,TF,3,51,0.08912020294639678,0.041241165378683796,21.000476663694204,finite
schedule1_TF_h4_seed8,1,8,4,TF,4,52,0.09020548437919801,0.04401031431053326,20.89534114201824,finite
schedule1_TF_h4_seed8,1,8,4,TF,5,53,0.08404601280194225,0.04148381495133909,21.509657699026462,finite
schedule1_TF_h4_seed8,1,8,4,TF,6,54,0.12383786378413773,0.05689849431180486,18.142930964419218,finite
schedule1_TF_h4_seed8,1,8,4,TF,7,55,0.1410842251557843,0.06376532111887201,17.010430853302537,finite
schedule1_TF_h4_seed8,1,8,4,TF,8,56,0.14850662599414347,0.06817913146020516,16.565083375622745,finite
schedule1_TF_h4_seed8,1,8,4,TF,9,57,0.15865315154411586,0.07939802701766989,15.991025929875258,finite
schedule1_TF_h4_seed8,1,8,4,TF,10,58,0.18483776678016664,0.09988846788221888,14.66418574581817,finite
schedule1_TF_h4_seed8,1,8,4,TF,11,59,0.1997906461256809,0.11272258664092287,13.98849697196006,finite
schedule1_TF_h4_seed8,1,8,4,TF,12,60,0.2221714845087157,0.13079024549265958,13.066233661748601,finite
schedule1_TF_h4_seed8,1,8,4,TF,13,61,0.2188530909854841,0.1327139003795376,13.1969463044389,finite
schedule1_TF_h4_seed8,1,8,4,TF,14,62,0.21805219541495233,0.13027450084035289,13.228790727226878,finite
schedule1_TF_h4_seed8,1,8,4,TF,15,63,0.2154007078445035,0.12730775324355173,13.335057477357141,finite
schedule1_TF_h4_seed8,1,8,4,TF,16,64,0.21482560017454919,0.12407176186547986,13.358279324248096,finite
schedule1_AR_h4_seed8,1,8,4,AR,1,49,0.18442791682493723,0.09873420045985644,14.683466784371987,finite
schedule1_AR_h4_seed8,1,8,4,AR,2,50,0.1627998213632801,0.0890783602108769,15.7669215197698,finite
schedule1_AR_h4_seed8,1,8,4,AR,3,51,0.16028394505592322,0.08813629191936911,15.902199537048645,finite
schedule1_AR_h4_seed8,1,8,4,AR,4,52,0.15758178946569504,0.08656552892043834,16.049879441436865,finite
schedule1_AR_h4_seed8,1,8,4,AR,5,53,0.1514346951722435,0.08354810003062596,16.39549224630704,finite
schedule1_AR_h4_seed8,1,8,4,AR,6,54,0.1611430923612844,0.08764273885953362,15.85576612865191,finite
schedule1_AR_h4_seed8,1,8,4,AR,7,55,0.15777993397794365,0.08675166333098379,16.038964600070184,finite
schedule1_AR_h4_seed8,1,8,4,AR,8,56,0.15494967089389644,0.08407900357443765,16.196186836911714,finite
schedule1_AR_h4_seed8,1,8,4,AR,9,57,0.15942521677770438,0.08603604824613835,15.948859676207679,finite
schedule1_AR_h4_seed8,1,8,4,AR,10,58,0.19002806228293376,0.10599471831413136,14.423645202553143,finite
schedule1_AR_h4_seed8,1,8,4,AR,11,59,0.20830493586661367,0.11770931113639922,13.626008783067496,finite
schedule1_AR_h4_seed8,1,8,4,AR,12,60,0.23176947282127164,0.13354358598820917,12.6988753414214,finite
schedule1_AR_h4_seed8,1,8,4,AR,13,61,0.23477026501047238,0.13656462010371703,12.587138196157646,finite
schedule1_AR_h4_seed8,1,8,4,AR,14,62,0.2299168451189519,0.13469515371456944,12.76858416972506,finite
schedule1_AR_h4_seed8,1,8,4,AR,15,63,0.21042037016556786,0.12050940943264739,13.538244394712084,finite
schedule1_AR_h4_seed8,1,8,4,AR,16,64,0.1935705754667334,0.10850324654599793,14.26321317646552,finite
schedule1_TF_h5_seed9,1,9,5,TF,1,65,0.09794490249141713,0.044528211317095646,20.18036323574462,finite
schedule1_TF_h5_seed9,1,9,5,TF,2,66,0.06143839551824054,0.02769886927563192,24.231202691130225,finite
schedule1_TF_h5_seed9,1,9,5,TF,3,67,0.1054758467632843,0.05432272149328791,19.536939588057308,finite
schedule1_TF_h5_seed9,1,9,5,TF,4,68,0.13058982054710797,0.07037405364937872,17.68181349835806,finite
schedule1_TF_h5_seed9,1,9,5,TF,5,69,0.16504117408162886,0.08779898727743785,15.648153910179552,finite
schedule1_TF_h5_seed9,1,9,5,TF,6,70,0.16112933394206513,0.08319064505547402,15.856507762755554,finite
schedule1_TF_h5_seed9,1,9,5,TF,7,71,0.1612933428130266,0.08343553316337686,15.847671144375969,finite
schedule1_TF_h5_seed9,1,9,5,TF,8,72,0.16141003423169709,0.08346145462954979,15.841389407644604,finite
schedule1_TF_h5_seed9,1,9,5,TF,9,73,0.1620410506325457,0.08630513252212306,15.807498992509313,finite
schedule1_TF_h5_seed9,1,9,5,TF,10,74,0.16924808407152897,0.09329678799367495,15.429524778631524,finite
schedule1_TF_h5_seed9,1,9,5,TF,11,75,0.17022273387781295,0.09921728197654289,15.37964877476352,finite
schedule1_TF_h5_seed9,1,9,5,TF,12,76,0.16940753637056816,0.09627135117111625,15.421345465543334,finite
schedule1_TF_h5_seed9,1,9,5,TF,13,77,0.17012099187064603,0.09825428087437871,15.384841876943902,finite
schedule1_TF_h5_seed9,1,9,5,TF,14,78,0.17566159172008217,0.10242694033929922,15.106463725983104,finite
schedule1_TF_h5_seed9,1,9,5,TF,15,79,0.17533887453720196,0.10529516612429764,15.122435708325707,finite
schedule1_TF_h5_seed9,1,9,5,TF,16,80,0.17050913275907745,0.10533699196196504,15.36504708995179,finite
schedule1_AR_h5_seed9,1,9,5,AR,1,65,0.20700594932796823,0.12119653171473506,13.680343455771906,finite
schedule1_AR_h5_seed9,1,9,5,AR,2,66,0.19405746582108002,0.10764050719191924,14.241392886613657,finite
schedule1_AR_h5_seed9,1,9,5,AR,3,67,0.1736073679996737,0.09905411000789381,15.208636941059483,finite
schedule1_AR_h5_seed9,1,9,5,AR,4,68,0.16578266975209066,0.0992102947697191,15.609217415933799,finite
schedule1_AR_h5_seed9,1,9,5,AR,5,69,0.1809935605553534,0.10731784704459812,14.84673752637602,finite
schedule1_AR_h5_seed9,1,9,5,AR,6,70,0.18445527393308647,0.10696956183126123,14.68217845880666,finite
schedule1_AR_h5_seed9,1,9,5,AR,7,71,0.18952427183671458,0.11154235731202296,14.446703265397229,finite
schedule1_AR_h5_seed9,1,9,5,AR,8,72,0.18941077982353713,0.11171504584370713,14.451906157694562,finite
schedule1_AR_h5_seed9,1,9,5,AR,9,73,0.1794497116622341,0.10826561641472192,14.921144702992788,finite
schedule1_AR_h5_seed9,1,9,5,AR,10,74,0.16998341671128422,0.10279196809040059,15.39186891150258,finite
schedule1_AR_h5_seed9,1,9,5,AR,11,75,0.16823822078213083,0.10283223024535222,15.481506664326833,finite
schedule1_AR_h5_seed9,1,9,5,AR,12,76,0.16661251602305402,0.10037092003247021,15.565847545309893,finite
schedule1_AR_h5_seed9,1,9,5,AR,13,77,0.1672951137919639,0.10206965215316899,15.530334866846161,finite
schedule1_AR_h5_seed9,1,9,5,AR,14,78,0.17245970686368245,0.1048063291641057,15.266247128431845,finite
schedule1_AR_h5_seed9,1,9,5,AR,15,79,0.1830060147695417,0.11236536874411247,14.750692725796355,finite
schedule1_AR_h5_seed9,1,9,5,AR,16,80,0.18221186543057338,0.11357744472015696,14.788466913535048,finite
